0.002765679,10,5.915448453,-0.338232952,6.136606761,6.639753086,7.138267462,4.459563766,-1.327381746,0
0.002165078,9.999881786,10,-6.447447925,-3.177347423,10,5.023468208,-5.417257814,-9.582693187,0
0.00080921,6.677574199,-0.987693293,-12.15286105,-9.217395242,5.090531905,10,-8.663600119,-6.278459004,4
0.033633927,3.073140925,0.210475105,1.373206149,-0.336503278,1.502197863,-0.016094009,1.051881901,-0.16584036,4
0.005318214,9.999534913,2.776584432,9.189378409,1.764580566,9.314068469,8.238151586,11.28921091,-11.29894323,3
0.002195854,10,3.722360596,17.12167194,-1.212320547,4.963067328,2.586501001,16.9839818,-1.148730303,5
0.002364853,10,1.963043019,-3.978531679,8.57915026,4.791204383,1.805782008,2.041746517,-13.73056537,4
0.017089234,10,1.31927806,-2.131820206,-0.718582391,2.316940796,0.526600112,-2.027582218,-1.424702537,2
0.042545068,10,4.558995032,-1.432758173,6.18985665,9.999896483,2.413242821,3.212149626,-10.65327132,0
0.00173593,9.999999416,0.944771619,-4.832955159,-0.23227743,1.599368068,0.172177537,-4.709594301,-0.973400711,4
0.012210949,9.999999904,1.457610032,-0.691280398,0.199405473,1.205929627,-0.023301744,0.801450365,-13.06034302,2
0.002208437,10,0.8012135,-4.414902179,11.90037831,9.994631605,1.753106283,2.402436129,-12.4406896,1
0.00340306,9.999989509,0.744218146,-4.817698567,-0.429855796,1.318804555,0.054975429,-4.897044857,-0.575873409,3
0.004662191,9.998718706,0.79117669,-5.601057661,0.918228097,1.685182185,0.205004895,-4.713778823,-2.66553565,2
0.011620938,9.999999322,0.431766531,-5.269250267,-0.814446911,1.711578313,0.183465539,-4.281052249,-4.829500841,2
0.017413998,9.834764355,-9.998582604,-5.373978119,7.741254454,8.794989406,9.999344033,1.995362227,-22.83715534,4
0.042590067,10,-2.690231512,-7.590310714,19.29627033,2.482716165,-1.558134229,9.532634089,-20.80136061,1
0.037478736,9.999936236,4.032812958,5.744736334,26.19638562,6.968295884,3.485958473,17.57934289,-10.99316464,0
0.005632028,10,-3.576666756,-9.86958063,4.09035533,9.983882631,0.649523207,-3.758842553,-15.43020795,0
0.002811125,9.999992292,1.898524914,7.586519867,9.257503771,10,2.939852945,14.27178843,-15.08535943,2
0.007621082,9.999918881,0.073880152,-3.650143709,8.52773247,9.140210704,1.883217347,3.53405906,-14.65188973,4
0.01222756,9.977824621,-0.302589173,-14.91177598,-0.61981146,7.568886644,5.944253808,-10.95505716,-22.04369786,4
0.013514306,9.998183071,9.999759807,-34.81775245,-12.24911858,7.539719806,-9.999847716,-10.42484126,-29.9192214,2
0.006650616,9.733805706,-0.670981638,-7.714112892,6.033175434,1.527025791,0.178591986,-7.029408272,-2.273750777,0
0.02039657,9.961038217,-8.236927083,-3.005782154,13.83990702,4.944157093,4.454449287,-9.907188179,-23.57367196,0
0.008796919,10,0.577653073,-10.23348902,6.146582606,10,0.559032616,-6.212532851,-9.07808415,1
0.018342911,9.51316368,3.390233096,-15.58884924,1.154830513,10,3.659331896,-10.50172342,-17.54071436,0
0.009234304,10,0.525826744,-8.41796488,3.636847254,7.318112494,0.633820066,-3.44897487,-14.83433495,0
0.003637808,9.999973982,1.130863641,-6.482938604,5.150389991,10,0.811561619,-0.974579447,-15.92212648,0
0.002881881,10,4.594341831,10.65806612,-0.65354376,5.167047938,1.701203967,10.40691606,-0.50230563,3
0.004812874,9.999968238,2.902070253,0.788651823,4.651052242,5.350863843,2.101958295,5.191829041,-12.37059908,2
0.004632893,10,1.427103001,-4.119630697,7.280020469,10,1.265134902,0.149079446,-8.653990078,1
0.004814676,10,4.422622776,-7.665501588,8.205964001,9.904211494,2.394533325,-1.289865999,-17.26479593,0
0.003537266,9.999995744,0.657805962,5.335241533,8.666374917,10,2.138230528,10.83147482,-11.96169691,4
0.004289658,9.770582037,0.744285764,-0.303469982,3.579813392,10,0.5049404,1.914255832,-16.23680678,4
0.004074555,9.999641375,2.012975044,5.130335067,11.28439132,10,-10,6.479520391,-14.01217542,0
0.003536586,9.999542222,1.725930062,5.158759752,10.54043062,10,0.415192478,7.728600119,-12.82277049,0
0.002460591,10,0.557372541,-2.427949528,8.083674587,5.045508127,1.298707888,2.302110505,-9.819144844,0
0.020381166,2.260538269,0.413901175,-3.622492327,5.750444968,9.999926924,1.214092231,-0.249577822,-9.425288293,0
0.005495796,10,0.74825025,-5.703293931,0.544812823,1.496047238,0.116593024,-5.203075639,-1.793378384,0
0.006477125,9.999959334,-2.019281106,2.430127559,2.773253235,10,9.529794254,-1.170036416,-18.41187271,2
0.003385299,10,1.093598616,-3.173354784,-0.504483474,1.882053544,0.272653096,-3.267998562,-0.620370262,2
0.010183859,9.513097804,2.205959739,-4.881548239,2.64165223,10,1.892981452,1.399060882,-22.05481119,2
0.02764941,10,4.430175473,-13.31447117,-1.444004453,1.810850873,0.729590566,-13.40662952,-2.365477981,4
0.011497607,8.332608758,-9.999983188,-7.762637403,1.670059204,10,-2.813224789,-3.355127145,-19.97296487,0
0.020653478,7.427948056,5.026158115,-13.25235616,-0.496756484,5.372304766,9.999748746,-13.01904111,-25.47689308,2
0.005931926,10,-0.178322775,-2.651637249,2.502772538,10,1.135599693,1.781533095,-14.9404711,4
0.00688227,9.999361773,0.948292392,-2.729737099,2.203116194,10,-0.773903932,-0.264670969,-15.67166422,4
0.000788996,9.999954553,10,-5.362186525,9.121676369,10,-10,11.15959387,-7.122091518,1
0.001955295,8.049717707,-8.051206851,-8.305830737,-0.870044197,1.765745505,0.430496454,-8.663527565,0.037475247,0
0.007688278,9.999999371,1.913885664,-7.38806744,-1.095614326,1.609990515,0.242768076,-7.084253901,-2.889491355,3
0.008188739,5.886937567,-9.691823176,5.740650556,3.868521199,10,9.979203047,10.86377897,-21.04692507,3
0.01991157,9.138940886,-10,-6.521372722,-8.252927595,4.1922927,10,-22.03152797,-22.40357763,3
0.02236823,9.638387233,9.900247287,-10.73115362,-3.477935239,4.171657193,-1.738617813,2.135144232,-20.66218782,3
0.017226135,9.999991238,2.785128901,-7.930126534,-0.963655194,1.936000993,0.605109782,-7.851317944,-1.446493744,2
0.021126657,8.338375385,-9.880494253,-3.822529621,1.534452082,5.596417244,3.473617128,-1.558009121,-14.53087467,4
0.018513321,4.441670676,0.948372527,-6.030533513,1.008340277,6.334553336,5.984108338,-3.854596925,-15.36642855,0
0.02303771,9.746458387,-10,-9.859656081,3.353716326,3.8529375,0.158431348,-2.531506948,-18.67858788,0
0.009185799,9.999945134,1.859400755,-4.004102969,7.657956153,9.999999036,1.421883973,0.562520625,-8.730827908,1
0.010946617,4.708107878,1.113179085,-3.333856725,7.489260615,9.999376012,1.388377793,1.69685308,-9.936242184,1
0.005501368,9.912223835,0.806291149,-4.855993388,9.002872996,9.99999949,1.306921864,0.646994522,-10.56468669,1
0.001892914,10,10,-16.75871004,-5.498681276,0.451217791,0.068380988,-0.326464398,-16.70502522,2
0.004060621,9.996201975,0.266334265,-9.421696527,-0.281497709,1.667881003,0.379143439,-9.53610887,-0.70998445,2
0.006113499,9.525489482,-10,3.094608175,4.998846746,2.125768389,-1.070760461,8.91322343,-19.68471263,4
0.005275541,9.068828857,1.407098051,-2.606334616,1.34583375,6.782185048,9.980754625,-3.968905867,-15.77505801,2
0.006679564,9.965946677,1.616760634,0.595030844,5.263518069,7.386053902,1.55026399,5.275104662,-14.52400062,2
0.008807489,9.999986966,0.964990414,-5.071516802,-0.469198115,1.410146645,0.088747312,-5.169349773,-0.599394613,4
0.008763797,10,1.801108984,-3.186085905,-0.568082658,2.276609665,0.548721161,-3.098640761,-1.297932802,4
0.00498676,10,2.289535307,-0.987485176,-0.747314219,2.530970603,0.767516912,-1.104742607,-0.894780847,3
0.004702584,9.999996178,3.02957342,8.882241971,6.266416346,9.771513107,2.79036682,13.53485622,-11.48962461,2
0.004014477,9.999916653,2.517888134,5.856702695,4.114323468,5.985153266,2.106641353,8.943957206,-7.17731786,3
0.005662536,9.997148592,4.933206864,12.91361508,3.757090899,9.999996724,-9.440152646,15.52087139,-15.9041831,5
0.003680436,9.999999158,2.241756561,4.473470116,4.605140143,6.481544366,2.00568157,7.970198704,-8.304350708,2
0.013511207,10,2.311461911,0.538360548,-0.845429797,3.713049781,0.902347572,0.376897663,-0.855314725,0
0.004853943,9.999892439,2.215630897,-6.231191705,6.04092588,10,1.26062562,-2.618722323,-10.04001521,1
0.004098054,2.802572747,0.507063099,-2.463276464,7.567649989,9.999999955,0.343160361,-1.875891423,-7.697343691,1
0.003593744,9.999999994,1.018133262,-4.238475016,9.876566941,9.682669965,1.642743524,1.666001762,-10.54748223,1
0.005601996,10,10,-27.18648182,-2.59456733,7.6150575,4.562612368,-11.90392253,-23.11266924,0
0.006554507,10,-2.371651636,-20.01195047,-3.191911158,9.999447712,0.333686172,-14.97683849,-25.29697378,4
0.009846097,9.999982135,0.846660647,-5.531032063,-0.369888698,1.344969696,0.067508914,-5.423058942,-1.050048129,4
0.007314526,9.157900943,-10,-11.04900724,-2.42427525,1.455752982,-0.297343399,8.288729082,-29.26817008,4
0.005953669,10,-5.614168191,-23.46972882,-6.103791505,9.328796659,-1.540118467,-11.14405943,-26.05380083,2
0.00505298,9.982587684,1.817534819,-5.53738732,6.993437,7.625854823,1.599954502,-0.009260456,-13.94036552,0
0.003811575,9.95603839,-10,6.075233824,-7.858534317,9.999997909,0.0729354,7.34761726,-19.06104124,5
0.004504845,9.999952142,0.156704212,-1.597799067,-1.53798996,4.60495245,1.441896096,-0.712425363,-15.8135562,3
0.006053372,9.999997898,-5.827942944,3.241522548,-2.260448521,6.786150771,5.095052322,6.299309832,-17.96684683,5
0.006172006,8.745208307,-9.999686391,7.707512575,0.041641028,3.009118834,-3.717958452,14.94731176,-19.58760557,5
0.008831186,9.534638779,1.040461991,-4.330720829,4.276605893,5.438018866,2.569435669,-0.548422413,-6.544514419,0
0.005566259,9.999959952,-0.078456951,-4.465486725,-0.164268392,1.287191229,0.036036176,-4.09150497,-1.639696437,3
0.004887699,9.999999626,1.220345137,-6.316991252,-0.020928727,1.375457846,0.089435683,-6.139693508,-1.261682041,3
0.011145283,10,-1.131602947,-2.068824308,7.532369911,10,0.776379534,2.113458381,-7.552214374,1
0.017853827,3.034507655,-0.034883878,0.850120815,9.864562382,9.999996269,0.366358021,-1.291170631,-11.57003072,1
0.01337588,9.580961971,1.00348754,-9.979379932,6.048167025,10,1.019732476,-5.198415914,-12.52007287,1
0.013062643,9.948091396,1.188771351,-5.599910208,10.34431343,10,1.518143275,0.416906993,-12.21650923,1
0.010045326,9.999525939,-1.219824267,-7.110574764,12.35972023,9.999999728,1.440229497,0.845217444,-14.90070252,1
0.00959018,9.999998992,1.05098584,-6.153575722,11.1379257,9.999999363,1.412523164,0.483265301,-13.21009968,1
0.018314327,9.999948842,-4.966041499,-20.60519086,0.264672625,10,-1.252092349,-15.75266103,-16.30213661,1
0.003776512,7.485015149,-1.125778181,-10.38520765,5.858553206,10,1.472618909,-2.954229716,-20.89153564,0
0.008095947,9.996332746,0.641637517,-5.678382847,11.35881248,9.999998469,1.527939483,1.279263307,-12.93770606,1
0.005864215,6.964031637,0.484353453,-7.232660577,7.824076808,9.999999618,1.15515016,-1.016144745,-13.76234764,1
0.003638718,6.701146999,10,-7.783070885,12.14374776,10,0.893223011,1.849743096,-21.7183191,0
0.016533662,9.999991499,1.221797103,-5.747295897,-0.144550844,1.672328665,0.232605475,-5.576060007,-1.086462697,0
0.005938069,9.999999713,-8.531491161,-7.305572865,7.79967462,9.999999954,-2.531347943,3.575251121,-19.39020327,4
0.00675028,7.433939855,1.988302114,-7.868463519,7.473565517,9.032564231,2.339242712,-0.006233945,-21.31014167,4
0.0101563,7.766825095,1.650446392,-0.935469439,10.21170523,1.553071429,-0.199613578,3.215871362,-20.74276335,4
0.007423912,9.993666864,-0.796608646,-10.70804156,7.212462157,1.990082169,0.406231932,-6.279552663,-10.21058743,2
0.008938724,9.99983796,6.15179829,-4.465267275,7.650812971,5.231069527,2.854676864,1.917534352,-16.0391504,2
0.022372803,10,0.182428845,-5.997156862,0.462939296,1.760415752,0.184809308,-4.241463448,-6.418769652,2
0.009835546,10,3.472739422,-0.315837616,8.070317631,5.802198742,2.587926425,6.05728816,-14.49042062,3
0.016922147,8.696008614,-10,6.377157247,6.307438328,9.999960458,1.560491707,0.933630765,-20.06643082,2
0.008059492,9.999940285,2.0973492,1.810477926,8.091020891,5.808849555,2.833074795,7.026760019,-10.58141517,2
0.007979481,9.999999943,7.311470422,-1.616800021,5.689460237,4.901576118,2.628610862,3.045510901,-12.03537786,3
0.005190678,10,1.752630255,-8.403572537,2.275812935,1.890090203,0.456573195,-6.690793732,-4.150762946,3
0.012922157,9.912468381,1.345846491,1.563851964,3.067666147,6.716382656,1.37936161,5.796774006,-15.92710154,3
0.010815501,9.120213186,7.014024716,2.544418637,3.392336837,1.307839835,-0.106690287,5.154455985,-21.75888298,3
0.007207383,9.445272133,-9.998608818,-4.426138991,-2.678250911,1.151130139,-0.036109899,5.112456825,-19.80994525,5
0.013424196,9.999999421,2.388701005,-1.553752698,-1.524120481,5.936708173,6.425133471,1.751450583,-18.44000866,5
0.032027764,10,3.031013355,8.825723493,-0.826879487,4.537834801,1.790731923,8.796028479,-0.986198054,5
0.012665672,10,2.019925993,-4.984900486,-0.253936726,1.867175837,0.378469982,-4.946483645,-0.980607311,2
0.005884251,9.99996414,3.165813342,-2.379542479,3.741425522,5.684963449,1.638419338,2.63271323,-21.76182859,3
0.019070077,9.99999945,0.092340838,-3.462414502,-1.548808652,1.949599815,0.2256615,-2.660279978,-5.383250128,2
0.005667217,10,-0.25340763,-9.936420572,7.539759947,2.762978452,1.068409039,-4.564150183,-14.26342445,2
0.012639975,9.999956741,-10,2.110482164,-2.508816738,1.444266294,-0.20683863,5.079670726,-25.73715097,2
0.007608076,9.545994385,-1.195806452,-19.12469831,-9.020923464,9.467181777,-9.999999564,-16.30453082,-27.99007526,2
0.008497003,9.99999641,2.354717525,-8.413184284,-0.306010301,1.431416991,0.166227188,-8.594712817,-0.115990629,3
0.031832563,10,1.620393289,-2.976494509,-0.411189121,2.142642643,0.449983064,-3.022633386,-0.566345349,4
0.003361473,9.999976682,0.769942976,-4.871861708,-0.180899893,1.43061669,0.091125412,-4.787955038,-0.979332703,3
0.003422181,9.999999478,2.019476028,0.764950728,5.588425109,4.48124795,1.728002854,4.705176415,-9.104362928,3
0.002379324,10,-0.583456105,-13.77008426,5.671605139,1.787369364,0.454789302,-9.874804823,-8.143775734,4
0.002530829,10,1.269131998,-3.312121735,2.784010088,4.861783508,9.999980354,-9.626163537,-22.14239935,3
0.010564756,9.999995577,0.106407438,-2.785614478,3.081334821,1.691315087,-0.167968651,1.643972336,-15.43877391,4
0.012713537,9.999998901,4.307540374,7.626645125,4.35299249,8.71590241,3.603812618,12.54736355,-16.08646436,3
0.006609411,4.554885067,1.623597708,-2.641225466,15.02398211,9.913285145,2.395142568,5.786017266,-15.43369972,1
0.031936843,4.586413913,2.392109727,2.04325016,1.651590506,1.38416711,-0.019837268,1.708326508,0.452742081,2
0.00514563,9.952622824,1.40220147,5.61543124,5.74995125,7.885094371,9.268158244,9.281224127,-13.11120123,3
0.010331817,6.062105715,-9.999934326,3.34609249,-0.283740883,5.829280454,4.769803107,0.677365169,-20.79961473,3
0.016325176,10,9.999999361,-7.036535106,1.623458969,5.992897592,9.982699568,-4.868998073,-24.01867453,3
0.04841618,7.541873295,-0.988306673,-5.173602963,21.22085195,9.486997515,3.172444737,9.063595527,-20.98930376,1
0.016568606,7.403687317,1.419926495,-0.709793117,-0.221440956,1.193487587,0.003681577,-0.833022078,-0.218173951,1
0.006657852,6.257459509,2.8056512,-2.862740423,9.358744351,9.999710938,2.022600477,1.87946378,-9.57962531,1
0.000913881,9.69860512,0.988971557,-3.033192284,6.455818455,1.481372285,-0.061609882,1.141586264,-11.37855585,5
0.004052005,10,10,-5.839849647,6.468976962,9.999973252,-2.19502237,-0.848659328,-8.245578147,1
0.019243039,9.999993606,1.051562285,-5.849335653,-0.425762155,1.396701426,0.093369705,-5.875535083,-0.692854495,0
0.00522785,10,0.742122414,-4.985339462,0.444024666,2.131521497,0.508028749,-3.909578144,-3.709589186,3
0.006412765,9.188890871,3.89919207,-5.293845363,9.40375455,5.826842487,3.462551696,3.430114057,-18.26966035,2
0.008938161,9.999999915,-0.558282529,-0.588511262,2.471020533,1.55144009,-0.416204837,8.170392509,-32.57568304,3
0.008474772,10,5.371412252,-0.095187035,-1.230106839,6.524281598,3.379955561,3.451067129,-14.61072948,5
0.006497182,9.999989254,-1.472861058,2.696506915,8.641439213,8.45077621,2.308923654,8.344582457,-18.55208187,2
0.006615738,9.999324097,2.540978196,8.650044116,9.688400539,8.94655232,1.354932475,15.18336904,-15.92998219,3
0.007752644,10,-4.236670183,-0.556193779,1.58508866,4.206202796,2.699204787,-4.834617651,-17.6738641,3
0.007473223,10,2.87021671,3.569072137,8.992173236,7.063555461,1.752425589,10.00227746,-13.9536043,3
0.0026548,9.999988192,0.816888153,-4.81017567,-0.454083778,1.370539195,0.072902412,-4.898632745,-0.548008957,5
0.008327728,10,1.007068715,-4.749327948,-0.381600296,1.69686362,0.215519677,-4.63973698,-1.074138088,4
0.007428312,10,-2.053389159,-13.38219007,-5.729301762,4.48063783,1.232036697,-0.552019508,-17.77597028,5
0.006291089,9.970754707,0.823906575,-6.460163776,-0.485414923,1.56440278,0.177049069,-6.005525362,-2.363293851,3
0.00749034,9.999996459,1.146657835,-3.692303573,1.204455206,3.441187021,0.433587253,-2.216696482,-19.54961067,5
0.008852668,10,6.051322929,-0.676505887,6.496171471,1.637183542,-0.360834969,5.920890561,-24.17788468,3
0.007712628,9.99960988,-8.975287777,-12.931368,1.633795122,10,0.848962952,17.88910539,-19.40731881,2
0.010596533,9.976641673,3.601641227,-1.910916724,4.877480957,5.103976504,-2.510812684,2.332609497,-22.38238012,3
0.007780895,10,-0.695920149,-11.67402481,2.597825869,5.853980445,9.999456657,-3.241138121,-20.89938622,3
0.01519961,9.99178037,-0.035846212,0.710050998,-0.684551822,1.160980911,-0.019977184,1.775886897,-12.7698441,3
0.0041228,9.842247703,0.646867272,-5.872944884,0.180427616,1.513984125,0.142473197,-5.769788865,-0.421825996,0
0.008129771,9.619495359,0.555349584,-8.244601019,-0.291263562,4.358985723,3.148978481,-5.123745316,-18.9549858,3
0.008619622,9.97727465,-1.680304031,-11.41074797,-0.551109232,5.116649521,9.435649433,-9.016386404,-19.04344565,3
0.005270869,10,-1.651729581,-24.27763414,-0.613480517,3.711895927,10,-22.14076347,-16.28068828,3
0.006969074,4.284110124,1.104542801,-5.032316985,0.240958241,10,-7.137150662,-2.687675151,-18.14269609,0
0.057139091,9.999999956,1.635247668,-7.231481855,-0.388804808,1.657495197,0.261972621,-6.618681735,-3.483049063,1
0.006080471,10,0.002984371,-4.216958813,5.282297105,10,0.802457665,-0.737044297,-7.316335097,1
0.010173033,10,0.803632332,-7.497918818,6.586734871,10,1.128687293,-2.298311606,-10.5186414,1
0.010270865,9.999997882,1.46665923,-6.561440651,9.709623707,9.999998039,1.565995126,-0.223613134,-12.20072904,1
0.01049834,9.999912049,1.466662416,-7.298742394,9.284562582,9.999997992,1.526100389,-1.012399212,-12.42212548,1
0.01049834,9.999912049,1.466662416,-7.298742394,9.284562582,9.999997992,1.526100389,-1.012399212,-12.42212548,1
0.010066023,10,-9.998996381,10.55790335,-12.07569612,9.99992977,9.016554441,14.16574948,-29.08032615,5
0.015821803,9.999681695,-0.338576606,4.707495835,-3.225393267,10,4.133797805,8.765398923,-20.79681162,5
1.00E-06,10,5.061632831,-8.654222416,-0.506570184,2.210543394,1.118062987,-8.873481874,-0.681189106,3
0.000161118,10,1.226046888,-0.362789273,8.628554151,1.59220542,-0.31726223,6.520747199,-21.1349921,2
0.00626025,10,2.759708053,11.62936132,8.79002461,8.105871639,3.15067835,17.5121553,-11.62900844,3
0.006548039,9.991746407,5.062801594,8.342167534,13.24128171,8.408802909,9.111232444,16.90365699,-18.36059175,3
0.005253086,9.999858557,2.336745859,2.969790567,12.99141076,10,2.933468134,11.66395995,-17.97972972,4
0.005205865,9.999896561,0.980911315,-3.084574317,7.916791832,10,1.434325644,1.522134544,-8.29776644,1
0.007472388,10,-2.854321642,-6.236721757,7.889462344,10,0.507170817,-0.681749958,-11.08841902,1
0.009045639,9.988023054,2.601751335,6.055433652,-4.205728766,9.999994341,8.59243676,7.847875808,-26.70524547,5
0.010073373,6.806398123,-9.999997916,5.186230543,-2.061134604,8.292615531,1.870994306,12.29318134,-23.52246891,5
0.004357358,10,-9.078054892,3.84434601,7.206163363,9.999963339,1.04148024,-1.640083438,-7.2184962,1
0.012317657,9.594135059,9.99998335,-25.55002241,-7.301995153,9.999984943,4.766948055,-20.70668732,-27.1257034,4
0.032755329,9.998199789,-10,-13.21272053,5.194025347,9.999999073,8.049619972,-2.924855315,-27.56535079,0
0.02586162,9.981800647,-0.800926976,-3.994288639,14.99951509,1.127289235,-0.034041244,5.924461945,-23.77583222,1
0.004264251,9.999981589,9.121734749,-6.559264266,6.501689849,8.238127214,-10,4.916218046,-20.78066852,4
0.004789914,9.870275579,1.523398559,-3.881116012,6.896879768,9.999999984,1.247451309,0.36325392,-8.079678667,1
0.007020991,9.999998251,2.487226012,-5.02796075,8.09208088,9.999998986,1.522218496,-0.226866759,-9.850155441,1
0.011116396,8.986920473,0.89410296,-6.626308148,0.331775693,1.374895507,0.087448526,-6.15255831,-1.694869612,4
0.018739013,10,-9.999876719,8.183685423,14.13472609,2.689401925,-2.437625259,9.297801559,-28.78581655,0
0.004825655,9.999999999,2.43508827,-0.974589601,3.257913855,1.12751407,-0.012675068,1.839318452,-10.25484732,2
0.006679938,9.61143745,1.122670516,-3.714979003,0.801898989,6.121329481,10,-7.769203919,-21.30900569,3
0.007545397,10,1.079834761,-4.531457935,-0.299920096,1.720875261,0.233177959,-4.444039507,-0.914451073,3
0.037960797,10,2.591327745,3.798638536,-2.92001944,4.435571031,2.14526524,4.831035012,-6.725009495,2
0.019210581,9.918167937,1.885713831,-6.95169155,8.911190236,4.093165752,0.555864515,-2.293483308,-23.38316124,4
0.008722598,4.073668916,1.159478011,-3.542070181,7.934732709,7.509068515,1.520868768,1.719884765,-9.745517768,1
0.009640471,9.999998606,0.95131354,-5.78037888,10.50444163,9.99999804,1.564086239,0.817321952,-12.28611257,1
0.006408082,10,1.731022895,6.730422854,12.6925606,8.619658862,3.17322572,15.09440397,-17.46475354,2
0.009378726,9.816219206,2.612158697,0.889641846,2.891944151,6.480909507,0.874625475,4.946950664,-15.89257383,3
0.002990227,10,1.580952654,-3.769118533,7.305585161,10,1.464612761,1.098337801,-11.29726762,0
0.080075931,4.934083501,0.523481011,0.571272228,-0.297946906,1.497524451,-0.011283404,0.391579814,-0.157224426,0
0.003698712,10,10,-13.14073836,-0.348569932,2.012845942,1.015866565,-13.12126138,-0.961623623,0
0.00035921,9.753590531,0.351086066,0.671923651,-1.287035304,2.740347864,0.011667027,0.511350644,-1.242838361,0
0.001176647,9.999998895,-2.028872785,8.884661004,2.832458815,10,2.81068552,13.0861036,-9.673957661,2
0.004721639,3.951479835,0.959454966,0.174048654,-0.29014013,1.532089017,0.012992972,0.000103436,-0.205366299,3
0.005369528,9.42418751,10,9.378426258,-3.594705394,1.833675333,-0.435849093,5.411146371,-15.71437687,3
0.002937248,9.999991197,5.82103124,4.787410508,0.120852472,10,-1.609258091,8.964909197,-16.34118464,3
0.042641986,2.482366728,0.408983404,-0.705387077,-0.429750048,1.061809612,0.000465513,-0.916490399,-0.155298717,3
0.006031278,9.991887298,9.999999979,4.306613173,-0.399533318,3.263826544,-5.34902328,11.98231655,-25.74339435,2
0.007358617,9.790653955,9.324155629,-3.01321367,-8.227817537,9.999998954,4.626660301,-2.292147535,-21.33227085,5
0.004650891,9.997368437,9.989029789,1.748098247,-3.451486076,1.657117502,-0.504663789,8.8551416,-24.90813397,3
0.009935801,9.999548963,3.162763487,4.878057523,-5.457206856,6.209163281,1.510074616,5.347065031,-16.17152879,5
0.025799867,9.328775386,-9.673751227,7.550632505,-4.608757651,8.295158414,1.670040568,11.1390681,-21.99370855,5
0.017623399,9.748815157,6.221717591,12.67299456,1.068054013,9.999931455,-9.999996629,17.96095138,-26.51702577,5
0.017195749,9.97871008,9.587363607,4.646422463,-3.491563499,9.999988846,7.021119721,7.90470691,-27.48827758,5
0.013156618,10,2.519263282,-6.425953729,-0.596360163,1.794737724,0.417869847,-6.495371952,-0.916521313,5
0.010850926,9.999999948,-0.298830223,18.2677254,-8.376176129,9.324437895,2.337641831,20.18476956,-16.62016275,5
0.012240349,9.999776334,10,8.026789951,-11.39748248,6.264321749,9.999931118,6.456461911,-17.17298741,5
0.004826935,9.899005054,-6.972526004,-18.00511216,-12.96548709,9.999999979,-0.657072758,-9.862346384,-24.06596385,3
0.008134362,9.109100526,1.245521756,1.776149606,-6.738109562,9.99999436,4.650133489,3.195613908,-21.73961737,5
0.009733336,10,2.245136177,-5.003844629,-10.84870823,3.585806138,1.54001611,-2.356441952,-20.62582275,5
0.010012484,9.999999079,1.541254353,-9.992697518,1.759847287,1.511511436,0.205946928,-8.599026654,-3.959621219,2
0.002549854,10,6.75700018,-5.485670827,-3.484767546,1.482733921,-0.314003692,8.498104999,-26.72874235,2
0.016690031,9.580456662,5.67224532,-10.34448036,-1.565782384,9.999261688,6.025810624,-5.182896738,-27.30782991,2
0.002896085,9.99999587,3.045670339,4.8597407,2.011419073,5.693460813,2.000995708,7.490708317,-8.453650003,2
0.015658386,10,-10,6.143449446,-0.113283435,1.439818383,-0.243034013,6.907609206,-27.90355675,3
0.012901186,10,0.351233736,-2.565369932,-2.865547647,9.94803291,10,0.194563584,-27.35240037,3
0.014891152,10,10,-10.23395553,1.912643292,10,-4.262800456,-0.907543502,-24.28624235,2
0.011917999,9.999989689,3.10289455,13.74629457,5.240926536,10,3.095904961,18.52380627,-13.09905075,2
0.05049073,7.400862099,2.06380646,-0.087277101,0.64140911,1.650187213,0.029707347,-0.338778688,0.075638721,2
0.00541197,9.985478257,-10,-10.65033424,-8.843056533,10,-0.274538847,-14.9562411,-22.33282843,2
0.003146043,10,3.013614138,9.855797042,-0.792372334,4.748729892,1.456100055,9.652519461,-0.554656188,3
0.005793519,9.999998286,4.212084643,17.36641248,0.25577446,6.450654623,3.048764814,18.59660765,-4.480239824,5
0.002250356,9.964144695,-7.979131113,23.18442862,0.314720723,6.573938814,-0.21199728,23.28895578,0.8684438,3
0.008250895,9.999987648,3.084095227,7.803186187,9.378576899,10,3.596270852,16.03206537,-21.05336883,2
0.001999345,9.999986937,-10,3.499877914,-5.963913251,1.988760185,-0.845353809,8.500563409,-18.80827298,3
0.018058767,9.167595359,9.999976052,-13.60783292,-2.656063703,9.99882412,-9.99999826,-7.66814868,-33.88175828,2
0.019207079,10,10,-14.75305661,0.129004778,10,8.179959483,-9.565855271,-30.9468764,2
0.017240488,9.944951286,4.239447832,-9.526792522,-3.893777337,8.067485336,5.834442188,-10.70470803,-34.5240925,3
0.002156109,10,1.982751944,-7.184675284,-0.720470063,1.509127712,0.184283352,-7.397724662,-0.838016084,2
0.011531484,9.832883103,9.955558753,-11.38860482,-5.247246762,10,5.180573552,-6.37345928,-27.35719961,3
0.022405625,8.79448052,-9.36822168,-2.709453399,-4.1470345,8.421241689,-10,-0.209673985,-33.32434725,3
0.001639626,9.999865091,10,2.275242945,-1.457749405,10,6.341007819,5.439123656,-15.11397306,3
0.003014059,8.977875307,10,-12.03515121,-11.82677385,9.99999945,-1.772364849,-2.858246858,-17.4514859,3
0.002985734,10,7.957913804,-0.261100673,-5.515358962,6.573033045,-1.048920992,-2.626450705,-17.32279312,3
0.00572056,10,1.441368943,-5.966774794,10.34402573,10,1.575387814,0.233148913,-12.39008653,1
0.015889952,5.880431799,2.739386032,-5.910700373,7.846787678,9.999989776,1.839325141,-0.690289483,-11.73028755,1
0.015137305,9.357883411,3.558007701,-4.380855804,-1.084549282,5.700553964,9.998572697,-5.890721018,-18.88084316,3
0.012314876,8.835546697,-0.661098452,-5.621923518,-6.386724221,10,4.940001628,-3.340805066,-22.33694554,3
0.016505689,9.999890118,-10,4.057319548,5.042430757,9.999999268,9.864597835,8.411372914,-22.03198486,2
0.014989666,7.136317718,10,-7.185149754,-2.956835241,10,-2.78372525,-2.512388456,-31.25249515,3
0.019416123,9.999999999,3.251110761,-8.115481916,-0.874044885,1.826541196,0.529457757,-8.314963305,-1.069879362,4
0.011535208,9.999801696,1.657307735,-6.49179552,-0.863261352,7.192022352,3.769396295,-5.909924102,-24.90366219,2
3.84E-05,1.313264417,0.021868618,-2.138848788,-0.188924067,3.945309443,5.860989292,-1.951514007,-0.453245092,3
0.007882186,5.571135413,0.47971963,-6.799271048,1.40614928,10,1.038577305,-3.332693155,-9.938351847,1
0.020948284,9.999999994,-0.275522353,-5.96396165,-0.123599995,1.546133419,0.185025202,-5.918207767,-1.06450524,3
0.012416054,6.761234836,-0.970486565,0.533833169,1.802483713,10,-3.139620049,-1.559412778,-29.27429885,2
0.003955834,3.517130365,0.541534171,-2.215441355,-4.604140259,5.426461787,2.910670438,-6.077550632,-21.53152151,3
0.071758778,5.102427844,0.825993806,1.50133236,-0.453342062,1.504223948,-0.02455704,1.263806864,-0.216283958,3
0.016170424,9.997606266,5.560978179,-11.58284891,15.19559423,10,2.8844476,-2.95646269,-19.95359981,1
0.011867678,10,0.034321132,-3.435421475,-2.06589739,10,6.357227482,-2.931952529,-24.99310957,3
0.00757661,10,0.800973221,-5.753552173,-0.050197956,1.381782287,0.08334506,-5.523429452,-1.251694517,2
0.013734435,10,1.589147668,-11.102067,-15.5040333,9.993718089,7.678498579,13.03679317,-28.40277459,5
0.002859037,5.050292811,10,-14.13160935,-3.118700671,2.002840182,0.99911587,-13.43638422,-2.918880321,2
0.007563232,9.999998903,1.631300741,9.32069724,9.414183353,10,3.583663617,16.33742416,-16.28471023,2
0.000955365,7.281133015,2.241048221,10.26370074,-0.978994269,4.802087891,1.25369991,10.05070063,-0.455991813,5
0.004097213,10,3.002155125,9.764696675,-0.991481463,4.499245163,1.829449029,9.660922536,-1.088112984,5
0.009306229,9.999773933,-2.205682128,7.383887164,-1.624663276,8.974663363,5.431313658,10.7219012,-17.50496105,5
0.012183514,9.982326862,7.320623626,15.07522271,5.478823758,7.411086323,4.48673359,20.24693609,-13.94534067,5
0.001646375,9.999996998,10,-0.590125657,-9.076565143,5.381235444,9.999999911,-2.771130609,-11.14058285,5
0.003596011,10,3.561142355,14.76281457,-1.105701186,5.046842375,2.360641664,14.66656522,-1.308223004,5
0.014298241,9.993588363,2.814045279,4.96997463,-1.389640456,6.937548633,2.36416342,6.925614258,-20.8634048,5
0.009864122,7.901350647,10,-12.03504506,-6.260966296,10,-0.510479035,-6.118089937,-32.20593,3
0.011473223,9.917034914,-2.330253503,-7.605533379,-0.754674281,9.999990214,4.968130333,-0.176309079,-28.68426346,3
0.010502488,9.999501058,3.638000262,-3.491245036,1.772607656,9.776171405,0.078573095,0.051725347,-27.27727483,2
0.011715084,9.999746429,5.073296042,9.568995634,6.131559413,10,5.135501215,16.4475995,-21.95382751,3
0.0078163,10,-0.712889394,-11.99871703,-5.479125411,7.278111913,9.999931832,-9.304913254,-27.82155845,3
0.012335782,7.561214004,9.995711916,-11.66947575,-3.815291448,9.999977227,-10,-7.414425631,-33.27532716,2
0.024233005,9.99799443,9.522644891,8.301763665,8.123257823,9.525140806,9.812513129,15.43396508,-23.76744267,2
0.014630169,9.03118358,-1.326030469,-8.487303855,-5.76407039,9.999995378,-2.318931808,-6.613068337,-29.69936311,3
0.010965885,9.45477113,1.396851658,-5.957044506,-5.516603245,9.999995337,0.794751386,-1.859834986,-22.86153462,3
0.015656236,10,9.995238835,-17.20880313,-12.08469818,10,6.093223269,1.00835517,-20.58874495,3
0.018363471,9.999997116,-9.999968722,9.679150391,-2.511895871,10,-0.986481947,14.72819587,-20.46994359,5
0.005049816,9.995374897,4.294865078,7.876285072,2.692122889,8.652849609,5.360829788,2.748540968,-17.32405117,3
0.021306224,10,1.765551949,1.739224908,-0.657499513,3.535568286,0.833556187,1.616947847,-0.705112476,4
0.003867402,10,-2.261685052,-7.446224718,-5.335246717,9.076367211,9.604985353,-8.861080828,-10.38264027,0
0.006151291,9.999998877,0.628436944,-5.694262428,-1.04570971,1.541971826,0.135800319,-5.125558869,-3.3260564,3
0.002574789,6.34504039,0.587973408,-4.572814037,-0.104593382,1.477537551,0.105591418,-4.608036737,-0.247738338,4
0.011825349,10,1.506563498,6.702575927,-0.027928291,9.99994437,8.733161709,11.42087949,-19.14875486,5
0.005843789,10,9.586352356,3.176372226,-0.720785641,8.636456454,10,-11.31965341,-18.10100265,2
0.003267781,9.83706226,2.015577556,0.632434286,6.463847289,9.105672997,1.440684698,3.967825777,-12.02719987,0
0.017402506,9.980724225,9.999838695,-19.37447618,-6.288212776,10,10,-13.59785302,-29.88562107,3
0.014012265,9.59427115,2.927426089,0.348810326,-0.663687656,9.999999816,-9.999999519,2.265496032,-24.54601883,3
0.003776509,9.999637111,3.529166272,5.667597334,2.461810595,10,-10,12.94697718,-17.38178065,3
0.012068728,10,0.907311634,-3.708567544,-0.220665861,2.201663798,0.428904279,-3.059160826,-2.831396332,4
0.016486517,9.101328545,2.864266643,1.484696149,-0.035733065,9.99993104,-9.999990142,7.338343682,-27.19523497,3
0.004980055,9.999999993,1.675370777,-5.319873784,0.389175633,1.958961768,0.456459753,-4.786335124,-2.086120906,3
0.015423019,9.999998958,1.899266739,-9.833038589,-0.511927253,1.442285793,0.177158107,-9.339464677,-3.186272363,2
0.007382606,9.765365865,1.792534833,1.76629058,7.136817956,6.192759766,2.111635798,6.915686281,-11.60507903,4
0.007240598,4.699348402,-0.984048006,-4.128920811,-13.36024869,10,1.248719652,1.165855091,-28.65387329,5
0.014781846,9.587345667,9.998819803,-10.4550819,-4.535382355,5.949129728,9.404382649,-10.14621033,-22.86050987,3
0.013735202,9.750944744,4.294313789,-13.30654936,-1.375606347,1.772001983,0.683836808,-13.38070654,-2.34074282,3
0.01052578,9.99972329,1.573590449,4.516940586,0.987251,10,3.287119635,16.511621,-15.38204278,3
0.003633096,9.999990194,4.106884118,11.22030342,8.3468951,10,2.343143591,11.08696169,-13.30187466,2
0.015037528,9.999931245,10,-3.062227617,3.406076666,10,8.715436611,4.801617578,-22.42805305,2
0.010750879,9.831084624,1.645007806,3.323813524,0.303437447,9.999994693,2.386018079,8.274291943,-16.62054243,3
0.009080562,9.999993878,1.793355727,-7.536617211,-0.393978474,1.456706074,0.162616599,-7.576434324,-0.789972001,2
0.008526583,8.897817843,10,-4.925747548,-1.920968536,10,-0.272425805,1.094405232,-22.87365983,3
0.042136353,10,2.501785702,10.06130555,-1.662327139,5.4250457,2.07182264,10.37875239,-3.102029969,2
0.042837283,9.998220221,0.762619991,-5.128023762,-0.328255738,1.261695251,0.035563532,-4.891408841,-1.829486493,0
0.00633201,9.746211324,0.211169921,-12.16589365,3.67861029,3.222551648,1.007337467,-6.549647367,-17.84660383,4
0.006812203,9.999378804,-1.145488167,12.15778869,2.748617614,10,4.773780334,15.78383301,-14.09124947,3
0.014532759,8.141427211,-1.661918109,-4.286703432,5.016445206,1.185228087,-0.02597324,2.135622538,-12.92673942,0
0.009329326,9.971943362,9.980649197,-6.232054876,-2.509520948,9.999997759,2.986962297,-3.615132033,-23.74374521,3
0.011682158,9.999998095,2.05075618,-3.027734099,4.311542926,9.721518448,1.429669017,0.741535199,-9.702356601,0
0.019299463,9.949560282,-10,-17.28277094,-0.301958988,9.999909898,-5.274871369,-7.833646833,-29.18500645,4
0.005961713,10,-8.493770401,1.901578403,1.815149347,10,-0.117622131,6.035963081,-18.93077929,2
0.012805866,5.405593909,9.99999997,-6.986917114,5.297182889,9.012404797,-2.924173676,0.420714943,-26.68612664,2
0.016635367,9.17267289,-8.525850386,3.032724465,3.200155435,10,-10,11.32474297,-30.27606638,2
0.010283305,9.999995014,-9.998370417,-8.99851458,28.02991941,9.999173426,0.484907014,8.859340716,-28.95910956,1
0.010727879,8.783594925,0.070382099,1.113150038,0.908456379,9.999508773,2.208195512,9.490376388,-17.70765598,3
0.004066752,9.302188171,0.24380912,-5.933435322,6.213013164,9.999999378,1.117861277,-0.846257815,-9.300684009,1
0.00162175,10,2.868699081,-15.83097325,2.029485476,2.592671729,2.555349559,-14.65797017,0.53446167,1
0.002468523,9.806638589,-0.098783522,-14.69950737,0.904772871,2.312149453,1.787087756,-14.29303838,-0.684076109,0
0.007526317,9.999985058,0.540057655,-6.009216648,1.240671663,2.010143177,0.329180847,-4.451488816,-4.640193906,0
0.003251831,10,0.243435586,-2.642240661,4.227568373,6.744724094,9.304571836,-1.530121877,-9.860661561,4
0.00435093,9.999999473,1.523300528,0.800027797,6.487836281,7.179905686,1.874997331,5.436159738,-9.574995241,4
0.005807685,9.987097421,1.56882501,-1.761098732,5.764506813,2.908220514,0.011869451,-1.287789791,-12.62210517,4
0.001304983,10,5.650320698,-7.167575533,3.544620045,2.08419915,0.511618943,-5.187687853,-1.369537694,4
0.068926072,6.174714386,1.017868378,-0.107284297,-0.206750776,1.49160489,0.005285315,-0.250111346,-0.174640922,4
0.00275884,9.423655188,-9.992024299,-5.105116932,0.220937532,9.999672859,-9.999902005,7.123501748,-11.04510564,4
0.003903126,10,6.795875063,0.699013619,4.378653488,7.389561262,-4.116895075,6.596885784,-11.47193989,4
0.003664196,9.840368108,-0.1173965,-12.89771892,0.964803687,2.001333364,0.996118846,-12.58034767,-1.229590332,4
0.002226152,9.999992614,-0.374416709,-6.312777575,2.870002854,1.689446071,0.148839002,-4.044473715,-5.080710816,2
0.004326308,6.590046082,0.904311225,-8.070048433,-1.797740772,3.813715924,3.982285717,-9.2539774,-13.79272285,2
0.012312864,9.999991435,1.623351097,-7.284897559,-0.254798808,1.380400334,0.11223474,-7.358913533,-0.427154186,2
0.004584016,9.999990456,0.597698281,-5.787953806,0.437366856,1.474024714,0.111730936,-5.192509937,-1.873698336,2
0.004705017,9.999178639,-0.985663339,-5.70900855,1.631948037,10,4.093403939,18.33126384,-13.71742389,2
0.007298664,9.551048283,1.046653849,-5.216593329,1.773318846,5.67669722,7.397907496,-5.813514411,-17.91676831,2
0.009601864,7.817995465,0.501156071,-0.488111711,4.264479097,9.999999666,0.489006562,4.453642434,-19.68288277,2
0.005388587,9.582478088,1.971581544,-3.070467298,-0.465936974,6.909943344,9.999999926,-3.319368437,-17.72481014,3
0.008731809,10,2.091744102,3.982445753,3.719362826,9.770575076,-5.118187559,6.727400169,-19.62923213,3
0.006962466,10,1.520876286,-15.91880607,1.917470431,1.446048007,-0.278578401,8.42645049,-28.14910773,3
0.003636397,9.999992415,-5.052827733,-2.111227512,9.525362419,9.548539428,0.845795615,5.667114546,-14.32872614,0
0.003387576,9.999207103,0.424844084,12.41640473,0.576907065,10,2.856861984,17.10745356,-18.79114225,3
0.005317258,10,1.155028711,-4.938928899,9.97964571,10,1.387770085,0.722091939,-11.45480597,1
0.010329953,9.999999943,1.815366797,-1.255614909,7.444485651,9.998918734,1.322693867,2.604513395,-6.490625086,1
0.009334193,10,1.178115555,-3.891660922,0.190210728,1.98844364,0.324124462,-3.606874906,-1.283310883,2
0.01526813,9.99356473,10,12.88706642,20.57797532,9.994011998,-1.02394763,20.96564825,-7.616179519,0
0.008279109,9.999691367,0.441184569,-9.933391911,6.03439091,5.749011449,0.40340217,-4.023529948,-19.16632467,0
0.008418502,10,1.029445554,-4.840242514,3.216306154,2.751027731,0.686684623,-2.460871434,-5.680899123,0
0.007450816,9.93123334,3.234124823,4.176829463,10.04920862,10,1.89832113,2.551182063,-17.6656688,4
0.008575312,9.994855738,-3.083631278,5.992197441,1.020393229,1.329819139,-0.153121279,6.697988323,-27.11508585,5
0.014818886,10,1.894024721,0.824646385,0.398998304,3.96399488,1.027430901,1.745527876,-3.17827531,0
0.005760744,3.848935581,0.700567493,-1.990643341,3.928067407,10,-3.134404545,2.142478037,-16.24460249,4
0.005452932,9.297908562,0.866015128,-7.366571499,9.430956972,10,1.553269359,-0.539751976,-12.87735337,1
0.004231414,9.986988886,-10,-11.18734135,2.881636223,6.696543157,9.999953821,-7.880845115,-19.33456865,2
0.006914009,9.995667861,6.411543905,-8.81056119,3.357639119,5.687616,2.458769941,-3.508573898,-16.85101878,4
0.010153497,5.435807237,2.369095017,-1.636295254,9.962405817,3.645117841,-9.999672951,23.0306297,-22.98475455,4
0.013665812,9.825112222,-8.812673446,-4.018890444,5.617995311,6.0694212,-1.373374665,0.802104002,-20.10979793,4
0.015141787,10,2.083615916,-1.775248157,13.41002072,10,3.061553775,7.883793158,-22.56993532,0
0.001675137,5.913501468,9.016375699,-15.42343924,0.321044104,2.177853443,1.566071803,-15.77802844,-0.010786548,1
0.002702357,10,2.193133263,-5.969622071,8.261271207,10,1.468340517,-0.975640527,-10.75665069,1
0.003876293,9.999999905,0.838703283,-4.855836502,10.61014714,9.999998406,1.417747298,1.207045981,-11.87710636,1
0.006271399,9.993629333,0.558572608,-6.184224727,12.79913383,9.999996238,1.556174531,1.312693055,-14.56025325,1
0.006573772,9.99999993,0.877868237,-0.286184535,6.127599827,5.740468718,-7.625292415,2.030042918,-18.8846641,4
0.003765759,10,-5.260435785,-3.639884701,4.065526575,1.582586642,-0.085538353,0.280975019,-14.75640966,2
0.005103754,9.122329346,1.933868205,-14.85992713,-3.692103521,9.997229249,0.255698682,-10.75598426,-24.43529383,2
0.005176748,10,1.722795722,-3.344997422,10.82564352,10,1.756755812,2.412571198,-10.81246789,1
0.009200927,9.999852231,-0.981523959,-15.24705281,-3.115025633,5.333514491,-1.001515633,-11.40663559,-22.14322921,0
0.009496431,10,-4.38556039,-31.18149781,-7.6980306,7.913539308,2.356424743,-21.52469266,-25.12848918,0
0.005864039,7.871715882,0.792906663,-8.296822103,3.771624524,8.290730057,0.363260459,-2.882615422,-21.42503696,4
0.014635319,6.821113931,3.472173065,-7.773886099,1.729501047,5.961904606,9.607417717,-7.447067045,-18.62520654,2
0.009998979,9.999999774,1.054867769,-3.799087728,7.754713331,6.236750402,1.554821921,1.991779349,-12.54439338,0
0.007462034,9.264885532,-0.095524172,-14.09694089,2.820408413,9.881811049,1.151019576,-2.488797383,-13.03260583,1
0.004905342,9.959722001,1.039564947,-0.744875414,3.872405142,3.788371174,-2.595617586,2.996247035,-18.65867249,4
0.00105122,10,4.454189744,0.785154666,1.222124856,4.534130138,6.82118294,0.619949784,-1.04740637,3
0.024072532,9.998535121,-10,-2.098773948,1.184908356,3.038759518,1.444574419,-5.253575354,-20.6331615,5
0.00454501,10,1.850494036,-1.317847765,6.599656548,8.418282821,9.995083018,0.630331049,-16.2882712,4
0.003784483,9.999999929,2.299768988,0.678402719,6.634610175,5.08933809,1.924845962,5.278350176,-10.36563023,2
0.001581322,9.999948595,-10,-18.94675383,-2.833334192,3.70420465,10,-26.12801126,-10.8466995,4
0.006516312,9.999965798,0.792602065,-5.832218922,5.384840874,9.276495663,1.067557885,-1.688602007,-7.824884165,1
0.003736563,5.059657019,-2.092222133,-2.123944019,0.239398825,9.922717229,0.565221022,1.136805507,-11.87119907,0
0.011531279,9.995041266,1.137884821,-3.152964633,9.316401263,9.35375845,1.650065546,3.025292517,-12.53385678,1
0.010770681,6.527223861,4.743058018,-15.62280678,1.533771327,9.998873071,-6.966028409,-8.097364427,-18.95077092,1
0.011226924,7.94234471,-0.29391699,-18.04209457,1.596350456,10,0.304356315,-10.75219577,-19.41603558,1
0.029949369,10,1.129361463,-7.998583632,2.03146044,1.546838939,0.170901942,-6.672611302,-3.505895287,4
0.007686549,9.872071809,-1.386867538,-23.65821224,-11.7113341,10,10,-21.81284703,-26.91715316,2
0.006314151,7.482395047,4.147579583,-5.52851413,3.376158512,10,6.414101897,-1.355154303,-21.39937878,4
0.005104246,8.712897089,2.516121548,3.029183007,9.435336849,1.368922671,-0.204304246,7.754667726,-28.88929168,4
0.00656126,9.999999386,1.129975203,-3.110229556,6.409181554,9.416392351,3.486811061,3.648439494,-15.39628431,4
0.012701609,1.564731425,-0.279831294,8.6710495,-3.861077104,8.777737922,-10,11.66060421,-16.28964717,4
0.00380669,10,2.130635201,-4.208764128,6.847746338,10,1.327354135,-0.324050609,-8.374946586,1
0.006727781,10,1.857624456,-2.705055383,10.19980633,9.999997709,1.607715326,2.669808386,-9.810386156,1
0.003952147,10,0.92956116,-3.321318135,9.015920498,10,1.549474802,1.925234555,-9.603247202,1
0.004622249,10,0.184096809,-6.839081055,9.243927752,10,1.192904742,-0.655614065,-12.33535189,1
0.004715765,10,-3.420075585,-10.35527724,7.034469057,9.999953934,1.056350466,-3.757496218,-13.43383079,1
0.00919203,9.958535907,-0.094578561,-2.091257066,6.583813939,10,1.071115516,3.215123832,-16.65959495,4
0.010701331,9.938655907,2.832931953,-3.316542323,7.249656732,9.434549057,1.67102198,1.610482382,-17.77763802,4
0.003235346,10,4.54368535,-9.346718207,6.11138927,10,1.838019941,-4.934642286,-11.40593646,1
0.004461314,9.99989019,0.880377396,-5.737960209,9.268669316,10,1.130356988,-0.182631202,-11.52884237,1
0.007018402,9.99997801,0.996570247,-5.540513138,12.12523608,9.995733127,1.729607134,1.59077979,-13.44496805,1
0.006770664,10,1.994925634,-4.043659199,-0.427248325,2.145133435,0.450831594,-4.049079385,-1.120535673,0
0.003714226,9.928492483,-0.647507112,-16.84509528,0.923215585,2.223605725,1.726562577,-15.82888386,-1.401577593,0
0.006887342,9.999554923,1.151837562,-7.86424753,7.426827221,3.699620362,1.153232165,-2.49145467,-12.07561962,0
0.012231068,9.991606901,4.123992775,-11.82818128,4.307170644,1.76815072,0.545630343,-10.82147692,-0.411367067,0
0.007208749,9.999994151,0.900185881,-4.769913439,-0.45839784,1.432603219,0.092670323,-4.872724724,-0.576485591,2
0.011992947,9.999999731,0.860013417,-4.133609513,0.316161817,1.937435546,0.309188813,-3.594099898,-1.779361776,2
0.000764523,10,-3.95863759,-8.680168763,5.195489705,3.617480577,9.822150074,-23.00513582,0.33366539,1
0.0039558,9.999989401,0.605981993,-6.674778253,8.692819624,4.201720586,1.002907281,-1.672067402,-8.942841014,1
0.00372639,9.992094563,0.893247585,-4.171314374,10.35169868,8.885126535,1.484315914,1.654660038,-10.71748473,1
0.007403379,9.999999599,0.414505114,-5.492122246,11.18835866,9.999999376,1.481652,1.391077828,-12.6759799,1
0.006038959,10,0.479913799,-5.586908902,12.45253475,10,1.579300082,1.695547784,-13.8219613,1
0.003165496,9.999999937,0.39170883,-1.711875159,6.910299867,9.91669024,1.227845877,2.875617426,-9.44737559,0
0.004160922,9.999999985,1.084789137,-0.674511513,7.903939598,7.512488846,1.680071994,4.533188844,-10.42691804,0
0.009310072,9.999812019,-10,4.109546918,3.550443468,10,9.744814091,-11.50946049,-19.05689181,4
0.022623804,10,1.858585977,-3.877987392,-0.613489593,2.077451074,0.404754269,-4.015615674,-0.730418238,0
0.006834421,10,10,-14.63638613,17.75427815,9.999999818,4.84647756,-4.343391265,-23.14881361,1
0.018059765,9.973693329,0.598473318,-10.05526771,2.240568374,1.335970908,0.082944475,-7.98805098,-5.584615702,2
0.005336427,6.070575361,-0.984249475,-12.11439336,-7.519072099,10,0.067379389,-12.20550395,-21.48217461,0
0.001970972,9.999999926,3.328649472,-4.736922418,6.585340088,6.509405013,10,2.085952415,-0.247975732,1
0.004502024,10,1.592955766,-4.403925881,7.658576125,10,1.327003921,0.017090888,-9.180840343,1
8.90E-05,10,5.193055303,-22.85436678,5.239313923,2.283010845,2.050376776,-17.38051799,-0.203954069,1
0.002353013,10,-1.437279932,-10.03734677,7.329525535,10,1.011100392,-3.410614666,-12.28490818,1
0.001315093,10,0.792391341,-4.086835031,10.98845224,10,1.309674063,1.544794482,-11.78867137,1
0.002056394,10,0.709430349,-4.448350672,12.13405078,9.834124631,1.714400116,2.3404467,-12.65152174,1
0.003834287,10,1.771473863,-1.940657591,12.56614201,10,1.533240155,2.784893337,-11.83666967,1
0.010284086,10,1.414780057,-10.26397715,9.646965101,10,1.445271011,-3.779767241,-15.12796071,1
0.014568669,10,2.528321306,-11.65050186,12.12398028,10,3.644585241,-4.264675044,-17.72481853,1
0.02039506,10,10,-5.924623426,17.65096419,10,5.473235876,1.897788499,-17.54099492,1
0.016242278,10,1.887172008,-2.50480159,-0.720051652,2.482556513,0.550744919,-2.647525291,-0.794111031,0
0.011019781,4.315626406,0.261991468,-2.919391482,5.073370605,3.159885438,-1.579997617,1.837638398,-20.22117748,0
0.015096188,9.999999014,4.095909287,-7.595164824,10.06106408,10,4.633696346,-0.227524861,-19.29016525,0
0.022907309,3.40304599,-0.880385978,2.208375313,10.32874416,8.74109695,-10,-8.863656357,-26.68366608,1
0.028854885,10,6.640991852,-16.38143968,11.64447758,5.218982308,-2.137312912,-4.6439433,-27.93133705,1
0.0054936,10,-8.572507098,-0.890928103,2.01487908,10,3.281981054,3.38605017,-15.0704581,4
0.006553185,9.666052689,1.732816809,-0.306819071,5.834439454,10,1.968029506,5.278865211,-13.94697402,4
0.008874127,9.99999975,3.102966298,-1.023308489,9.153583711,6.543373776,2.322366299,4.862932105,-13.36834216,4
0.014117985,8.867121353,-9.999089726,0.440947336,9.740708955,10,7.39733914,5.058556188,-18.99909664,0
0.021580156,10,-10,9.262878781,15.62229325,1.418135668,-0.211675677,6.422592215,-26.55446785,0
0.012538515,9.642272026,9.999999602,1.286368003,3.956804748,8.879174284,5.756130606,-3.867995714,-23.45864979,2
0.010113156,9.264188373,-10,-18.2444247,-1.405170654,2.416485162,2.55713342,-17.58660034,-6.131484643,2
0.021112041,10,-0.453255342,-4.998852222,6.104703543,7.191224216,9.982917285,-7.571669621,-27.871606,4
0.061615565,10,0.407890489,-4.669419949,-0.452560112,1.318852482,0.051240717,-4.580023906,-1.106526345,0
0.002910042,9.999917262,2.532411491,-4.112333429,1.420296454,1.760199643,0.175939652,-3.300398893,-0.658229391,0
0.007881109,10,2.597628896,10.38136247,8.394589045,8.810705729,3.123808414,16.69504574,-13.5866847,3
0.007740562,8.887248464,-1.818598789,-7.416828051,6.473862206,3.708922489,-2.111458875,1.322203386,-19.71075151,0
0.01378414,9.999815642,5.579071831,-18.15838588,7.695680699,10,2.342004561,-11.09772158,-18.71053897,1
0.012234277,6.866488628,3.412971424,-4.08612024,10.22954034,6.079535125,-4.013854548,4.153468107,-16.362568,0
0.013429966,9.999998447,-7.992993522,-4.417649942,5.517051452,9.977942403,-2.000851957,1.46994355,-20.50127395,2
0.009714486,7.397400244,-9.999975618,0.491194583,3.564668683,7.413203553,2.559756956,8.914516153,-18.15342753,3
0.017603276,9.999906637,2.461877716,-8.398124398,10.91391482,8.855144349,2.46559957,0.05103862,-19.58189568,0
0.014799535,9.999973015,4.671840991,-7.649516664,9.365967948,5.236509258,2.80996147,-0.085877083,-18.39412854,2
0.002017648,9.997336519,1.917212275,-5.642257131,5.070770753,1.902059378,0.356767724,-5.761661614,-3.818198426,0
0.007501574,9.020707573,1.751444797,0.581699881,-4.885663717,10,6.126247636,2.283872936,-24.30834467,5
0.001872087,6.118796888,8.026678689,-5.256187045,7.668460565,5.54057499,7.553296033,0.289147495,-3.990044729,0
0.006080757,9.999997813,1.117992335,-4.834066593,5.832312539,5.23824448,5.47328422,-3.615813748,-15.07524127,2
0.010153837,9.345435032,-10,-1.291493007,10.80658067,9.322588636,-3.172078041,7.457444431,-16.16364136,0
0.009184294,10,9.976856728,-5.219574059,5.889357675,3.870506038,1.508413541,-3.101173427,-19.17950321,3
0.011556375,6.290344594,-9.370526802,2.022054205,11.15961154,6.729275995,8.154469768,1.77364105,-16.09254981,0
0.002688409,10,1.816058875,-4.697397211,8.208435056,10,1.405281997,0.050104374,-9.800504483,1
0.001437746,9.999990301,0.608912675,-9.083857086,4.016304647,1.879952499,0.405181494,-6.620023705,-2.851532036,0
0.003220642,9.999853798,1.125891443,6.999467883,8.603850417,10,2.507588594,13.04089179,-12.71942681,2
0.000906573,10,2.771860057,-12.57680744,2.128018756,2.12590029,1.101299691,-11.43726397,-0.670246743,0
0.004346369,5.681091452,0.670387006,-4.485878136,7.195357046,9.519244785,3.356634108,4.193027343,-16.06766052,0
0.003055668,10,-0.017571551,-10.64549789,5.201874208,1.798640509,0.286320247,-6.641665724,-9.552566783,4
0.014221568,9.999917501,0.838869444,-8.074827253,-0.495602541,1.914099962,0.454345342,-7.028154357,-4.776976934,0
0.008866446,9.384548036,-1.960625101,-5.489901188,14.82945936,1.139740527,-0.015300615,1.835934197,-11.29511889,0
0.008378223,10,-3.889719576,-4.514319653,12.38494279,1.151673057,-0.023755345,2.736804933,-14.9961393,4
0.008853189,9.999999997,2.965945299,-2.187777366,12.60820021,3.664275228,1.180931346,-2.728273824,-19.74111379,4
0.004835289,10,1.966162731,-8.917366159,16.15849079,10,2.202667043,0.765551398,-18.9050901,1
0.001216912,9.999999097,-0.080713022,-5.528840318,9.07030649,4.216953643,1.070969419,-0.01091892,-10.79409501,0
0.004789067,10,0.905623207,-1.721333989,-0.036545602,1.513337685,0.049032009,-1.733235566,-0.17845622,0
0.003324079,10,-0.460248393,-1.698367866,12.64357097,9.999017216,2.167067804,5.590018537,-17.1170398,0
0.00342467,9.716855905,2.065510028,-0.028614075,10.33240063,10,-10,10.4196275,-19.50077875,4
0.005667194,9.997761197,1.965152917,5.57308751,18.22585858,9.512449767,1.374667873,7.002491477,-18.72844579,0
0.002391402,10,1.062610395,-7.56358214,12.41588935,3.843003716,1.530597012,-0.179606508,-14.95067072,4
0.001126902,10,5.13818524,-13.28098645,4.63704875,3.436483281,3.901125505,-8.812403913,-0.264184962,1
0.005176748,10,1.722795722,-3.344997422,10.82564352,10,1.756755812,2.412571198,-10.81246789,1
0.005759045,10,-1.799051585,-8.328784546,4.356986751,6.976803296,-5.094961379,-1.507431922,-15.86411833,0
0.016282005,9.999973793,0.773934433,-5.349322506,0.238296038,1.690167706,0.203246679,-4.887400501,-2.446429752,4
0.005274224,10,0.930804226,-3.480819595,1.745361983,3.819507237,0.878020217,-2.182430731,-19.75125029,5
0.000428744,10,0.278756769,-8.637128155,4.170168079,1.745471095,0.265279361,-5.716016086,-6.620407625,5
0.023051707,10,2.570677361,-0.513787554,-0.736631105,2.907469546,0.878287334,-0.624678106,-0.929034214,4
0.013051706,10,3.597272526,3.121330184,-0.372841923,3.666071599,1.508474658,3.244693109,-1.325327412,3
0.01406021,10,4.82442237,-3.480282823,10.16281611,7.018077576,2.800729801,2.910882155,-14.10089981,4
0.004651542,9.993098132,1.007696418,-2.371514876,8.209955006,8.987465233,1.457222953,2.78626439,-11.53377014,0
0.004457058,10,0.853630028,-5.077612685,7.128311364,10,2.006074191,4.192939287,-11.41358834,0
0.007864918,9.999085876,0.636402434,-20.55494453,-4.613672836,10,-1.487532909,-17.04491399,-24.64265336,4
0.005100241,9.999988994,-1.559656331,10.66718961,1.722099462,6.859426837,1.256552754,13.06414054,-5.999310191,3
0.009687921,10,1.899912981,0.916483075,-0.686283577,3.181318603,0.801724693,0.774655727,-0.713293534,4
0.008980432,6.031678882,-0.166801645,-6.746929024,0.654033985,1.945495088,0.437668203,-6.04790688,-2.044031191,0
0.014118769,9.283005571,0.42245637,-10.7368129,7.121649115,9.983076779,0.505835229,-6.543632796,-7.869456569,1
0.008538517,8.924949896,2.153160905,-4.069443435,10.03501973,6.066559646,1.486979576,2.092126956,-14.55939359,0
0.004291242,10,5.192943223,-2.13272046,12.80566874,9.999999475,-10,2.629521269,-19.86158658,0
0.001153442,10,-0.214967251,-6.243413998,8.620978557,3.817261669,0.959758094,-0.842048349,-10.80161605,0
0.005979437,8.997701612,3.569047237,9.348147915,10.02232249,4.757766417,-7.617577969,13.53269355,-12.39169766,2
0.009739026,10,9.874266287,-5.157410589,7.875487789,10,-3.22806938,-4.781403164,-26.38593303,4
0.002569843,9.999983841,0.701363251,-3.132618346,10.48021044,9.120518262,1.698375666,3.160523099,-11.73673145,0
0.005997275,9.999999988,1.199256811,-2.772394801,6.920785819,9.999104275,1.424218205,1.379605161,-7.205305599,1
0.00443748,9.999997471,1.680901447,-3.882664717,7.174428905,9.999998256,1.30958295,0.273395721,-8.354239435,1
0.003668436,10,2.52387105,-4.909871931,7.446664794,9.999999997,1.48412842,-0.508632383,-9.274111606,1
0.002919435,10,0.185314265,-6.63530672,7.199069487,9.999999965,0.796971214,-1.893204078,-10.69407448,1
0.002170731,10,-4.667182835,-8.172619715,6.864724365,9.999980429,-0.443428958,-2.604016301,-12.00763596,1
0.003255782,10,0.889999634,-2.477981359,8.950783768,5.63477634,1.421195582,2.58492,-9.274762,4
0.003795339,9.861120302,-0.375041688,-15.09046983,0.269227334,2.106473045,1.428190581,-15.08300377,-0.127449189,4
0.003340954,9.901061031,0.391448195,-11.94247195,0.341953848,2.33178302,1.553371759,-11.72616969,-0.818140711,4
0.005147833,10,2.276521449,2.360442965,5.431777662,8.282798804,1.862294914,6.001438857,-8.045259486,4
0.004632996,9.999999856,2.344382816,2.654091611,5.744017891,8.007699538,1.931775568,6.384307137,-8.389331547,4
0.003255782,10,0.889999634,-2.477981359,8.950783768,5.63477634,1.421195582,2.58492,-9.274762,4
0.001933935,9.999992642,6.429932675,3.094294045,2.773945019,10,3.833175689,5.382966504,-10.27647483,4
0.003737296,10,2.087177663,-5.387128976,7.275851882,10,1.317472211,-0.970053151,-9.526902606,1
0.004050407,10,3.067832934,-0.605165796,4.122064118,5.948530838,-0.168170086,-0.75956571,-13.40378018,4
0.00139159,9.952470188,2.229134623,-15.82448482,1.578582323,2.866213308,3.38362495,-14.69393693,0.008083022,1
0.002405991,9.999597084,-0.23541378,2.185988988,1.06795463,1.997131438,-0.703309605,7.1673208,-17.58709816,3
0.004709051,6.279288403,-4.690158543,-11.69442194,-9.200592096,9.999991638,-0.24847161,-7.922977914,-24.61669291,4
0.006632512,8.355890922,-7.12928681,-5.791831882,2.780994769,10,6.144785157,-8.451112407,-18.00015887,0
0.006810614,9.999964576,1.303929297,-5.538703574,-0.460426668,1.555758846,0.164576345,-5.570918277,-0.796339144,4
0.009827713,9.998783164,-0.504900943,-8.321243626,2.634045381,10,0.075506056,-3.358865586,-21.41713571,4
0.004914956,9.998967184,-10,1.96104966,-3.918958695,10,8.570517893,-16.19178976,-26.92765416,3
0.026935126,9.999992811,1.392628334,-7.241090209,-0.560172655,1.562529428,0.204777792,-6.974364924,-2.012624688,0
0.003344178,10,0.883916379,-1.507249443,8.846057134,7.780641673,1.588644999,3.477482498,-9.826187038,1
0.001925505,6.577428043,-1.865923108,-7.803381564,-1.389260686,3.341090694,3.217204359,-9.968198181,-8.276084103,0
0.037060576,4.192083431,0.276611577,-0.362700598,-0.299882249,1.526659962,0.017488312,-0.598476046,-0.183285202,4
0.003953718,9.999996119,3.916674417,-6.025588214,0.176742788,1.547152414,0.162187397,-5.73048419,-0.373744113,4
0.004545292,9.999991991,1.434124959,-4.849492726,-0.622407417,1.737520351,0.242990326,-4.975188169,-0.721129643,0
0.003241556,10,10,-8.360207528,2.031096833,10,9.995307554,-0.003016587,-11.87265044,0
0.002946104,9.788435416,1.857667081,-4.634975307,1.556252425,2.842506022,1.333325814,-3.545057093,-0.378908389,4
0.004292174,9.999999992,1.269052529,-0.235095399,5.519430215,6.135069936,1.600772575,4.02757054,-10.09403386,4
0.007426555,9.846052712,-1.701735443,-1.190813156,3.611947903,9.067101572,9.999919852,0.398532764,-16.95517733,2
0.004289279,9.983061481,0.519761517,0.315077805,3.622305811,5.080951809,-0.013378317,2.623859528,-11.6520612,2
0.005159558,10,1.596511435,-5.057192178,10.49687847,10,1.530909908,0.849738805,-11.89441729,1
0.006840821,10,1.614451514,-4.677273576,15.67214728,9.99998132,2.284675067,3.865275326,-15.56397792,1
0.00912343,8.328901299,-10,-22.0040963,2.909552484,10,-2.529355143,-14.25336107,-23.19098134,1
0.007369096,9.804978789,3.240206261,21.62880892,9.826237024,10,4.376289133,29.10714938,-15.92025368,5
0.01231466,3.099438468,0.696006431,-2.307719309,11.29155836,9.999329916,3.129873271,7.138180531,-11.14284592,1
0.008821359,7.352069038,1.222980777,-4.267795962,8.882207156,9.999999573,1.654202064,1.670725343,-10.7788565,1
0.010811498,9.999874745,4.263905482,30.21429833,-0.873299186,10,3.942601265,33.34320959,-13.55575308,5
0.008462631,8.490554084,1.132277071,-5.133228112,2.620444544,3.067077502,-0.093581358,-1.737045987,-17.67205589,2
0.002008912,8.77805286,-6.595452128,-9.983161244,-4.942352778,3.078635803,2.78680991,-7.904494402,-2.98551308,2
0.021653818,3.094683384,0.101143322,-0.247296482,-0.312333583,1.055573464,0.000143017,-0.450612752,-0.200305452,4
0.004134715,9.999999365,2.135034302,12.45145716,3.506013902,5.453763409,-9.993249429,15.41310494,-15.46590611,5
0.004771718,10,9.999999824,-3.26632574,-4.757627432,10,-4.560531595,-1.215299862,-15.77006895,3
0.004335654,9.999999737,2.238582453,-0.211873,5.486984097,4.581211073,1.759581761,3.993632452,-9.737237531,2
0.005102516,9.78412835,-10,-4.674766214,-8.00103424,9.999880284,-9.969990309,3.541350605,-18.6252436,3
0.002649432,9.999953505,-1.365505265,-2.011981292,1.611706876,3.773326369,1.566728497,-0.145195881,-2.894317252,0
0.018935099,9.9999878,-0.328426112,-4.356614345,-0.425440906,1.353582771,0.044024572,-3.656655281,-2.3779609,0
0.007021503,10,1.910893108,-1.454454361,9.069565216,9.140447018,1.900422315,4.207895616,-12.03888281,0
0.004160632,9.865021273,0.157020487,-13.18507734,2.483033367,2.466582492,1.635122188,-11.65598536,-6.887756479,0
0.008363546,9.999999995,1.096539981,-4.637507622,-0.012974105,1.768662639,0.236995443,-4.404543558,-1.330031817,4
0.005290345,5.88619719,1.57116693,-2.896889794,5.825785966,10,1.251824937,0.688604442,-7.342952936,1
0.003653956,9.69913514,10,-5.812927391,4.376206484,6.700334147,9.760763257,-1.522667218,-1.574998018,1
0.010654028,10,-0.128708322,-13.1535,-1.990120109,6.849032075,-0.432239126,-8.480175777,-21.02092787,4
0.005232809,9.947804445,1.981049114,-1.989327732,5.796430673,10,5.551834477,1.467915587,-9.302182342,0
0.007044887,9.999999821,1.073658858,-0.724648461,5.434275017,7.591657865,1.313177065,2.656506056,-7.017781157,0
0.003599344,9.897728979,0.963780855,-4.27906957,8.604097833,9.99999945,1.261229601,0.526224882,-9.956203496,1
0.006128147,9.977708045,2.097271482,-18.35736368,3.974392742,10,1.048027755,-13.04309987,-16.70587347,1
0.004319661,10,-1.011124119,-2.828192299,6.290034914,9.972490494,0.986484456,1.873347138,-10.02796838,0
0.006550787,8.716674973,2.607413876,4.529139031,11.74800866,8.581345124,-8.493222911,11.66075661,-8.307862416,0
0.008655317,9.985937951,3.547271735,6.804039579,13.94109398,8.656587222,3.366084322,12.93873606,-7.494015082,4
0.015777232,9.823399763,-9.743553133,9.463418541,16.26349446,9.999972733,8.776281735,16.04502752,-10.42138536,0
0.004196424,9.999720058,1.324048333,-0.181623164,8.15311397,9.999999548,1.635711043,4.440782217,-8.687663631,0
0.006513064,10,0.839261721,-3.120506891,8.180023495,9.999999414,1.6254414,2.604135363,-11.26021297,0
0.008983236,10,1.508248955,-0.393298976,10.9526165,9.343016139,2.017838846,5.778116693,-11.40362976,0
0.004214508,10,1.417364387,-0.981158285,7.975873501,9.999992409,1.588816104,3.605457409,-8.825232771,0
0.006351305,9.89439608,2.028798311,2.845351991,11.16411756,9.777684541,2.478152032,8.795506333,-8.214830014,0
0.005703249,9.999991633,1.055632854,-2.558457184,0.035117842,7.993277778,0.970551664,0.767198439,-12.16814434,4
0.004278892,8.834164029,3.698765471,-7.385760709,-0.447173382,1.849910997,0.453297556,-7.623033568,-0.54264655,0
0.009022004,9.999999471,0.882599927,-5.887074927,-0.161224324,1.415800541,0.100555252,-5.709038969,-1.160886399,3
0.004971773,10,-0.808923143,-1.623297543,2.953527261,8.102001601,1.020946286,2.521205776,-11.92289504,4
0.007939158,5.956328653,1.505408046,-0.186631243,0.101883431,1.058108494,0.000172193,-0.382702701,-0.068938912,4
0.004926435,9.999992304,1.077718763,-3.073860805,7.931868573,9.964511217,1.468043673,1.569261408,-8.266431564,1
0.008000998,8.669930253,4.394627721,-4.710648702,5.997512773,5.61050353,1.817199899,0.918544164,-17.55913436,2
0.002845664,6.762357586,-4.787997417,-4.859964568,-1.703424999,3.819479324,0.021179171,-1.307489924,-14.38078527,4
0.009254018,9.860495195,1.688874455,6.91184417,9.916513735,2.10672986,-1.497300883,12.8674129,-25.53899392,4
0.004361571,9.999999979,1.02808944,-3.490764557,-0.444988816,1.8020274,0.236974254,-3.554052255,-0.675651178,2
0.008858572,9.5274106,7.824665223,-3.180175387,4.560118974,6.048603637,5.294973695,-1.227204417,-19.95432736,3
0.002367164,10,1.675962759,-2.759457831,-13.09749359,1.820227056,0.065751197,-2.750625057,-12.20902751,5
0.010177166,10,0.687251689,-3.006789961,10.29332406,10,1.465884968,2.530293292,-10.24307684,1
0.017717527,9.965345308,-7.166907147,-30.94118583,-24.29821657,10,-7.15837644,-32.22625832,-42.56680912,5
0.003328739,2.084268392,0.2245704,-1.102924241,8.885112796,10,1.796522483,7.165414515,-20.82731995,4
0.00450074,9.99956932,2.498024044,7.884884627,6.207697014,1.55178095,-0.29643464,6.088548092,-24.77773648,3
0.01481741,9.999999983,-1.830575123,-0.840496831,-0.16820456,1.472186937,-0.180790805,4.811650314,-18.6552206,4
0.00407715,9.999997926,3.020694099,2.220807844,11.48439719,10,1.322216523,4.423630656,-12.91195681,0
0.018262621,9.853543798,-0.398224437,-6.821858891,11.32758977,9.999993512,1.437991188,0.727287529,-14.31477311,1
0.010040733,10,-0.065506201,-6.42118013,-0.100110509,1.453326851,0.115044509,-5.748607677,-2.508073536,2
0.002734684,8.102519354,-9.965207671,-13.90801285,-0.619285158,5.726563143,9.847745612,0.918699321,-17.4903223,2
0.016758456,7.35386428,1.229604948,-10.03193164,-11.39882302,10,-0.383100729,-7.816467995,-20.86900704,3
0.00411205,6.498506397,0.674144341,-6.181298198,8.593925395,10,1.593786558,0.425029339,-12.67767782,1
0.016626524,9.999458888,3.828850249,-24.04147173,5.520136392,10,1.590336516,-17.01656296,-21.23790677,1
0.010187691,9.999817732,2.233687191,-7.784367595,-0.636206731,1.607377393,0.272678077,-7.884258232,-1.03834011,2
0.016420872,8.275126913,5.440584842,-8.306587753,-6.854392523,10,4.246555884,-3.233199794,-33.70245842,3
0.013547155,8.955759932,0.661813451,-5.171572284,-4.838934242,5.335994599,0.195943959,-1.843553496,-19.64015676,3
0.002640342,8.184507269,9.962702099,-9.538627041,-9.625436486,4.924069736,9.9999998,-13.60774261,-15.06373787,3
0.007508806,10,2.025562076,-0.290044984,6.397415134,2.677550389,-1.410998941,5.295902506,-20.47874854,2
0.007444932,6.226291355,0.12403092,-11.43006696,-6.177598436,7.4907722,-10,-9.792797404,-25.47000952,4
0.003320341,10,0.607831264,-2.38661888,6.785651189,5.133660347,1.259864485,2.060985006,-9.520998855,0
0.005035943,9.878009024,1.089738922,-4.071699343,-0.743317445,1.707061832,0.209172963,-4.151134206,-0.884851973,2
